Periodo,Imp,Exp,Saldo,Razao
2025,340457115771,6849342402,-333607773369,49.70654053907232
Total,7643756025757,127060270262,-7516695755495,60.158505959380314
